HashFunction,Image,Port,Protocol,ScalingUpperBound,ScalingLowerBound,IterationMultiplier
b9386d10c889ce4ca90550f25debd35474be8d8ec0dce2cfaf3824a3276ee505,docker.io/cvetkovic/dirigent_trace_function:latest,80,tcp,10000,0,115000
17ffbd427de8a2e82ce6e9dd4a5fb2be20813efd107550b5f6822f7408ae67dd,docker.io/cvetkovic/dirigent_trace_function:latest,80,tcp,10000,0,115000
15fcc9f267a07593c381008efc422e13b7d3959ca4b9c5173149d1b6d21d9ca8,docker.io/cvetkovic/dirigent_trace_function:latest,80,tcp,10000,0,115000
4ce9319ebc2ced61f0810357dfbbdebae0318878cf1bca5abc27ab7381a6bbfe,docker.io/cvetkovic/dirigent_trace_function:latest,80,tcp,10000,0,115000
2cbc6e74c6c7f1e6946a03ee19880378010ed4f3948cdd9558df1e20a8fc2ace,docker.io/cvetkovic/dirigent_trace_function:latest,80,tcp,10000,0,115000
1d869207a9d865a933ad59bb8108b086b01e4e2c6e681eeac78a4c835e4562c2,docker.io/cvetkovic/dirigent_trace_function:latest,80,tcp,10000,0,115000
d044bc0fcabcdf9690f322f3c4014ce72f3460c9b513cac71f5cd678b9c5d45c,docker.io/cvetkovic/dirigent_trace_function:latest,80,tcp,10000,0,115000
b93f866096cb5ed7ca770ead1b7bd5bb00bd01257725b0d3288e48ad3ddcf38d,docker.io/cvetkovic/dirigent_trace_function:latest,80,tcp,10000,0,115000
f65e8cd48406d26161b5200a3d5a6e9d718d501bb2b19a76629b30f3977fe655,docker.io/cvetkovic/dirigent_trace_function:latest,80,tcp,10000,0,115000
1dea6307388fcc2f18f27484fd6105786ec03bcf94b86805edd95126bef1fce7,docker.io/cvetkovic/dirigent_trace_function:latest,80,tcp,10000,0,115000
f3ba4d041995763c747da84fe56923adef6c54041a2a8bfa602135ce2c713ef1,docker.io/cvetkovic/dirigent_trace_function:latest,80,tcp,10000,0,115000
a3cacf8afd79649ed4b8ac16332da5391116431b5630b0362ed2cf359f52932d,docker.io/cvetkovic/dirigent_trace_function:latest,80,tcp,10000,0,115000
6ebf3ebd2876e935950c7a566d8c766d134321276ce922870bfc98d53655709e,docker.io/cvetkovic/dirigent_trace_function:latest,80,tcp,10000,0,115000
152cc8ccb6a697f9e9c0705eb86e6c716af7bec21241732b612428e98446a6bf,docker.io/cvetkovic/dirigent_trace_function:latest,80,tcp,10000,0,115000
5c66fd258058ec458176680f6839b16221af870530d62fd9942efd7bffe13edb,docker.io/cvetkovic/dirigent_trace_function:latest,80,tcp,10000,0,115000
1f0c44c6bb4a3e7a6753fe5c2364dafaec2c61ba02faed931819a1c7a5b4cc35,docker.io/cvetkovic/dirigent_trace_function:latest,80,tcp,10000,0,115000
5733dec8517851767fa23d740bd9abdf284df4fa4286087213c24a2cfe95786d,docker.io/cvetkovic/dirigent_trace_function:latest,80,tcp,10000,0,115000
e453fff5ffe0cc9feebcace85d9bfb2a486c21e3c30a3feb9afa788f24abe25b,docker.io/cvetkovic/dirigent_trace_function:latest,80,tcp,10000,0,115000
ae6a959bddb2bd3410ddc58f61efc435847caff06a14764125a8ba3d696bef40,docker.io/cvetkovic/dirigent_trace_function:latest,80,tcp,10000,0,115000
7017de4ffed83d70238483df8a219da83506626ad472d22b8cc186fde46530b6,docker.io/cvetkovic/dirigent_trace_function:latest,80,tcp,10000,0,115000
91af80a966c0c568ae7ade94d52788f796fbca2dc0db168da861642a19550d84,docker.io/cvetkovic/dirigent_trace_function:latest,80,tcp,10000,0,115000
d59fc3af95717c502db1550b62f13524e23797e97ffead0d7dcecc798ff4efd5,docker.io/cvetkovic/dirigent_trace_function:latest,80,tcp,10000,0,115000
a699dfe0ababa957d7205e4275440fdf7d28ba0b91bc4fd2e69240aace39b81d,docker.io/cvetkovic/dirigent_trace_function:latest,80,tcp,10000,0,115000
e34caf1138b2a84465d671f27d30fa3804f7a92730af17752d1ff736f4eea56e,docker.io/cvetkovic/dirigent_trace_function:latest,80,tcp,10000,0,115000
92afca8ef079e6f967a615f88296b610f79ea1d7d86231d02a79c8b8df084e8c,docker.io/cvetkovic/dirigent_trace_function:latest,80,tcp,10000,0,115000
1fe2ae5b19abe93ba79709a97f7e4b3db8d1d2c823bb9b814c8774569f4c88a9,docker.io/cvetkovic/dirigent_trace_function:latest,80,tcp,10000,0,115000
b53eaa89d8ca6ff14625931a5fa8422792459407705f9ed606355001100381d8,docker.io/cvetkovic/dirigent_trace_function:latest,80,tcp,10000,0,115000
758879d575cad29654c9bc2b4bd80954a98e218d518fa51650d3afe31a491553,docker.io/cvetkovic/dirigent_trace_function:latest,80,tcp,10000,0,115000
b33ee682e625ae6613fe3f19977ac466fe4d31665d0fb56464de98fdb11e1365,docker.io/cvetkovic/dirigent_trace_function:latest,80,tcp,10000,0,115000
52dd9c592fe09a763bf140f583363344dc81173280ddb7cd64a0004ac71b031c,docker.io/cvetkovic/dirigent_trace_function:latest,80,tcp,10000,0,115000
09815ea38aea8225c1ac26405ef65847d9bf6afc8d0b40ee8fd983ba8ff27ba3,docker.io/cvetkovic/dirigent_trace_function:latest,80,tcp,10000,0,115000
775631293020cc88fd0640a574bae6d114ddc89a3be930d7cf634f0c1d37e539,docker.io/cvetkovic/dirigent_trace_function:latest,80,tcp,10000,0,115000
14c60597426e0ff853efe37894b932d49b8cb321fc57333ca1a2cdd60fdb09ec,docker.io/cvetkovic/dirigent_trace_function:latest,80,tcp,10000,0,115000
e7a84d631a66c6240b508c25b6c537a4f77f6cf14999bc5e43d8bffdba4ac94b,docker.io/cvetkovic/dirigent_trace_function:latest,80,tcp,10000,0,115000
245320441c0f2786254a134702930d66522ce0b8eac8233f7f4e5a97c76020c4,docker.io/cvetkovic/dirigent_trace_function:latest,80,tcp,10000,0,115000
d99726aac904a2517958a5ec7b15c6a9e1902be1979cfacd06b37a3d2e3ac4d5,docker.io/cvetkovic/dirigent_trace_function:latest,80,tcp,10000,0,115000
03363bc047e8b639d2473e49e925380f78398ff54cd1d5831fc873f3fd2dba56,docker.io/cvetkovic/dirigent_trace_function:latest,80,tcp,10000,0,115000
ecea42d32efa4bc3c37b7c2f05cef9e74d37f12317f90d0b6c45179c811aa02b,docker.io/cvetkovic/dirigent_trace_function:latest,80,tcp,10000,0,115000
895b38d2e3b8ce0df2347d36849586c31f722a2966b33054e2568bc2b79cdc8a,docker.io/cvetkovic/dirigent_trace_function:latest,80,tcp,10000,0,115000
08dac77bad1f97f6df44cb488e8105e41fd184d96f8ab172fb7781c4c10e92a2,docker.io/cvetkovic/dirigent_trace_function:latest,80,tcp,10000,0,115000
ef6feecf46e4070ef1889fe8c835199fb03f003ac94df6e5aca8ca97658670b5,docker.io/cvetkovic/dirigent_trace_function:latest,80,tcp,10000,0,115000
017ff0630f7272f1abbd250aaee0f7f6e950ce5ce6642de5be9ccbbcc3af9b49,docker.io/cvetkovic/dirigent_trace_function:latest,80,tcp,10000,0,115000
6036fc9c2124e4811749c8dd47e88a3466b0a91937bdb6ceba57eccea61278a7,docker.io/cvetkovic/dirigent_trace_function:latest,80,tcp,10000,0,115000
de514f47b5e017a9a81c6547d3fbb7566f9bbeea71788c5ab2d1b4a3423d27cf,docker.io/cvetkovic/dirigent_trace_function:latest,80,tcp,10000,0,115000
08d3e511f0e7a798645a540dc6757c2d69cf3547226f23b451b3cc2b4f0657e2,docker.io/cvetkovic/dirigent_trace_function:latest,80,tcp,10000,0,115000
a83ddb3654117810f7c750f13fa73343c89adc8d7f8d7a255f316e3137dae490,docker.io/cvetkovic/dirigent_trace_function:latest,80,tcp,10000,0,115000
09aec0fe39f84b7bc95f66961f96d71389af9584fab1d051093609cbb51c701f,docker.io/cvetkovic/dirigent_trace_function:latest,80,tcp,10000,0,115000
a48048b8be2f40a97f8a75ee6dd69233a80963f30cfe6ddb0df87600b2523b7b,docker.io/cvetkovic/dirigent_trace_function:latest,80,tcp,10000,0,115000
a5c61809fa225276122c951f3a9a50d2b3f58b944963e23ddcb149b436a1ef80,docker.io/cvetkovic/dirigent_trace_function:latest,80,tcp,10000,0,115000
891e9f8d77fc63913b8af9965a8fb0cd92ca1d68f63866d2443c22ba1393d3b4,docker.io/cvetkovic/dirigent_trace_function:latest,80,tcp,10000,0,115000
308574f8cff73dff7f4a29a051ac69716c00e7a12e9edd47badaebe0748a13db,docker.io/cvetkovic/dirigent_trace_function:latest,80,tcp,10000,0,115000
efbbed3f7c5111e00a166eeba026ce05820e19785bf3f874f2635f08a5cec5b3,docker.io/cvetkovic/dirigent_trace_function:latest,80,tcp,10000,0,115000
f10e713de291d542f8f22677c033b08c9a0ff0362db1a571340f0219e9b57773,docker.io/cvetkovic/dirigent_trace_function:latest,80,tcp,10000,0,115000
83e55e49af8cc4f2eee59ce3d2391d89e0bfa32c94a1e6f33326e938054cd743,docker.io/cvetkovic/dirigent_trace_function:latest,80,tcp,10000,0,115000
bf5f5cea498f694dccd7168a1cb92b6118a970fa4fbf927078a6abb9b10d245e,docker.io/cvetkovic/dirigent_trace_function:latest,80,tcp,10000,0,115000
7ecdb8bb2d67ccb81fe17a8617d79fecb1bbbe27a375dc8fc1874b213ea2b4bf,docker.io/cvetkovic/dirigent_trace_function:latest,80,tcp,10000,0,115000
3e2b4ea8e17ac474ae15fece6fb55caf2742bd4a62b296aaa8745335558926d0,docker.io/cvetkovic/dirigent_trace_function:latest,80,tcp,10000,0,115000
30a976ce7f034420063954b34aa8e5f113a64794340d63cca6f1e6edb7469342,docker.io/cvetkovic/dirigent_trace_function:latest,80,tcp,10000,0,115000
bb5d90eaa304798c9f993c324397bedc99d3dac24b9d408114fc2d62648e136c,docker.io/cvetkovic/dirigent_trace_function:latest,80,tcp,10000,0,115000
6513d9569810de231ad84916254234be1c67df912b3143969e446864409df260,docker.io/cvetkovic/dirigent_trace_function:latest,80,tcp,10000,0,115000
1fa06535203693698b96c9d65f3529e724f80a80af2e779880fe15cf9739fad7,docker.io/cvetkovic/dirigent_trace_function:latest,80,tcp,10000,0,115000
d5d1c1e2ea19185390d01911145a2d03cc9466b44c77e045da41202dc71c7672,docker.io/cvetkovic/dirigent_trace_function:latest,80,tcp,10000,0,115000
f4009b0c3dc6e7f555213f37cb851342e66ff7cd18aca35a3c5e85b67cd3a67d,docker.io/cvetkovic/dirigent_trace_function:latest,80,tcp,10000,0,115000
7d43757a7ab91f11a85be0fb267ac5e38952a978c2973fae9bec44a1113620f2,docker.io/cvetkovic/dirigent_trace_function:latest,80,tcp,10000,0,115000
3fe6d6a1b9dc622f240d152c3f73609b7cb5daffb1fcbd2d3428fc3f2a9f42e2,docker.io/cvetkovic/dirigent_trace_function:latest,80,tcp,10000,0,115000
e8c916844dda8d97798dee84315a219e0a4ec145773251473d8e562ae902907d,docker.io/cvetkovic/dirigent_trace_function:latest,80,tcp,10000,0,115000
61ecb17c5be8d65aaeba67e29442305cd1232a1733fa04735e22593fa46ad852,docker.io/cvetkovic/dirigent_trace_function:latest,80,tcp,10000,0,115000
b6423e53fe32c38c99f26d3f0a420411c2ea1b29049989d251307775e4aa945b,docker.io/cvetkovic/dirigent_trace_function:latest,80,tcp,10000,0,115000
5f281be440cb708f6b193608d2f9c4cb3e6c6bf3af3da5080aa0bea9540eae2c,docker.io/cvetkovic/dirigent_trace_function:latest,80,tcp,10000,0,115000
1948876d67f73860a97e6a6f57dad339f21f0188ff3eff1bf6f3df7f37606e71,docker.io/cvetkovic/dirigent_trace_function:latest,80,tcp,10000,0,115000
aad6dc309bcdfb0ea646054837f9a268f206507f97ac3e0cecb08122b077adbd,docker.io/cvetkovic/dirigent_trace_function:latest,80,tcp,10000,0,115000
7c751db469652a6fca16a4b0b4d1a5c20f35de5d1677c84f2d8c212c89fc4e77,docker.io/cvetkovic/dirigent_trace_function:latest,80,tcp,10000,0,115000
f43010c9d4a92f59604a77d6fd63abceb97065c9ddd9c070d5918a859e8f9c96,docker.io/cvetkovic/dirigent_trace_function:latest,80,tcp,10000,0,115000
17e24635362b4c186cf01870bb683dd597f90f195634e4b99c5e47d46e2c82b9,docker.io/cvetkovic/dirigent_trace_function:latest,80,tcp,10000,0,115000
88d654730a97603fae681a725340e27da847998ea6f6e80a0931189053b461db,docker.io/cvetkovic/dirigent_trace_function:latest,80,tcp,10000,0,115000
b2d9a1d08bd177f878cae69709e978ac4571d9402aacb1769cc2e07d8d0e72e8,docker.io/cvetkovic/dirigent_trace_function:latest,80,tcp,10000,0,115000
9774e58033210fabd92b4087ae848b7e5edb9650b97b5dd2aa490109ca16e290,docker.io/cvetkovic/dirigent_trace_function:latest,80,tcp,10000,0,115000
6e1a26e2111f2f09351b29e85ccc0f58d8fb84292140830caa2c69ca2df8029e,docker.io/cvetkovic/dirigent_trace_function:latest,80,tcp,10000,0,115000
32f78359fdddbc71156aa01f9a50337f94d3415741ff3b314ae96b19e885009a,docker.io/cvetkovic/dirigent_trace_function:latest,80,tcp,10000,0,115000
8b62f11ef8add05116bcc211d5b0605d2e16825f92ed60af2391a7af9247c7c6,docker.io/cvetkovic/dirigent_trace_function:latest,80,tcp,10000,0,115000
e1706553bf69dd5f59d190f50b94cd114287f296007ce92b41558fac63cc5bca,docker.io/cvetkovic/dirigent_trace_function:latest,80,tcp,10000,0,115000
d7dd56098245844f303192b8dbec3d4a02f7132778c57a43248098bbe7a7e15b,docker.io/cvetkovic/dirigent_trace_function:latest,80,tcp,10000,0,115000
9570ded80dcd4f0721cb9a258b8367a7ef8fde24b0a822b202f7bf082b8fdc4c,docker.io/cvetkovic/dirigent_trace_function:latest,80,tcp,10000,0,115000
63a0e5f057df6a21211ea88551917ff4e85fc5c169955042d865a45c73191c6f,docker.io/cvetkovic/dirigent_trace_function:latest,80,tcp,10000,0,115000
71e479d28098974f78c7b1d903de9f0c85b93229cd6fd968a0dfe07c15f16b1b,docker.io/cvetkovic/dirigent_trace_function:latest,80,tcp,10000,0,115000
7671b56c7a2afc9b1cbfa7d3a3d5357722db774ff5240ec7d64ffccd652bab9f,docker.io/cvetkovic/dirigent_trace_function:latest,80,tcp,10000,0,115000
e8341cef3d843505037532d2437f9f2bdd41dd3b593bac578fba82283fb580f2,docker.io/cvetkovic/dirigent_trace_function:latest,80,tcp,10000,0,115000
a5d33b46a81e47ea1a1d11902ab5b2ac8b7226ca42cbb1289c12399ac1b692df,docker.io/cvetkovic/dirigent_trace_function:latest,80,tcp,10000,0,115000
6ef2ac0cfa2203e695a2700347c12a8dfee35d3b5a4f86f97b27650cab371d6f,docker.io/cvetkovic/dirigent_trace_function:latest,80,tcp,10000,0,115000
e85b136ca86a6edaf754df1ab6f7e28e72a9564d9c4bb39836c59aaf0e2d7f04,docker.io/cvetkovic/dirigent_trace_function:latest,80,tcp,10000,0,115000
59ddc58071316614ec3e28d2125c0eda1d6d583a74a3f27d09da723d9d8c5489,docker.io/cvetkovic/dirigent_trace_function:latest,80,tcp,10000,0,115000
654739233c4b8dcb905627f1c7643913d281ffbb3bb37251f6cb4896ea512e4b,docker.io/cvetkovic/dirigent_trace_function:latest,80,tcp,10000,0,115000
0e01c2e3da9171cad631ae7d55fd447ea64f1c5df2ed181e1eba3a4194ce0bb8,docker.io/cvetkovic/dirigent_trace_function:latest,80,tcp,10000,0,115000
bd5ee3b120e6119974361485af3f5a01832f99aaed5b333eb2a823d8063e57a3,docker.io/cvetkovic/dirigent_trace_function:latest,80,tcp,10000,0,115000
ad35f3c3cfb0881688edb25e25b6b33df74b28e49b47558439ee85d0833abecf,docker.io/cvetkovic/dirigent_trace_function:latest,80,tcp,10000,0,115000
36612de2b72eea3f3674a454926517a7ee90bfa6a61dbe05bb2d0fd7914c6108,docker.io/cvetkovic/dirigent_trace_function:latest,80,tcp,10000,0,115000
50af060bb2bf7e3eee58a6bf433b2f1e94bf0f8fea754fb56b94952c24303151,docker.io/cvetkovic/dirigent_trace_function:latest,80,tcp,10000,0,115000
3c726bc534cc1b34f1e9bc476e44454cec6b1bcc4b5be80544061612eea6ed7a,docker.io/cvetkovic/dirigent_trace_function:latest,80,tcp,10000,0,115000
94cb1e4eefa43fcd0c9750821f3eb16149af27ecf271f67fddb25fd437cfe465,docker.io/cvetkovic/dirigent_trace_function:latest,80,tcp,10000,0,115000
6e155b9f0148dd8d8ad6154a47f45584669aa8b843123b9033561a35b26bfb92,docker.io/cvetkovic/dirigent_trace_function:latest,80,tcp,10000,0,115000
